<?xml version="1.0" encoding="UTF-8"?>
<Hotels>
    <Hotel Stars="*****" BusLines="70, 30">
        <Name>Arizona Biltmore Resort</Name>
        <Contact>
            <Phone>6029556600</Phone>
            <Email>contact@arizonabiltmore.com</Email>
        </Contact>   
        <Address>
            <Number>2400</Number>
            <Street>East Missouri Avenue</Street>
            <City>Phoenix</City>
            <Zip>85016</Zip>   
        </Address>   
    </Hotel>
    <Hotel Stars="*****" BusLines="72">
        <Name>Fairmont Scottsdale Princess</Name>
        <Contact>
            <Phone>4505854848</Phone>
            <Email>scottsdale@fairmont.com</Email>
        </Contact>   
        <Address>
            <Number>7575</Number>
            <Street>East Princess Drive</Street>
            <City>Scottsdale</City>
            <Zip>85255</Zip>   
        </Address>   
    </Hotel>
    <Hotel BusLines="72">
        <Name>Hotel Valley Ho</Name>
        <Contact>
            <Phone>4803762600</Phone>
            <Email>hello@hotelvalleyho.com</Email>
        </Contact>   
        <Address>
            <Number>6850</Number>
            <Street>East Main Street</Street>
            <City>Scottsdale</City>
            <Zip>85251</Zip>   
        </Address>   
    </Hotel>
    <Hotel Stars="****" BusLines="72">
        <Name>The Scottsdale Plaza Report</Name>
        <Contact>
            <Phone>4809485000</Phone>
            <Email>resmail@scottsdaleplaza.com</Email>
        </Contact>   
        <Address>
            <Number>7200</Number>
            <Street>North Scottsdale Road</Street>
            <City>Scottsdale</City>
            <Zip>85253</Zip>   
        </Address>   
    </Hotel>
    <Hotel Stars="****" BusLines="44">
        
        <Contact>
            <Phone>4806273200</Phone>
            <Email>scottsdale@omnihotels.com</Email>
        </Contact>   
        <Address>
            <Number>4949</Number>
            <Street>East Lincoln Drive</Street>
            <City>Scottsdale</City>
            <Zip>85253</Zip>   
        </Address>   
    </Hotel>
</Hotels>